"guildID","userID","grund","warnID"
"925729625580113951","897641092697186336",Ist seiner Pflicht als Teammitglied zu voten über einen Zeitraum nicht nachgegangen. Warnung 1/2 (bei der zweiten Verwarnung -> Teamkick),1
"925729625580113951","568033591829987349","Beleidigung
`Verwarnung erstellt am 17.03.2022`",1
"937376412183183452","897641092697186336",Hat ein verbotenes Wort gesendet: ||testwort||,1
"925729625580113951","923479465294700565","Ausnutzung seiner Rechte als Teammitglied indem er sich Rollen mit Administrator Berechtigungen gibt und sich selbst alle Levelrollen gibt
`Verwarnung erstellt am 26.03.2022`",1
"958290691212050455","926047306787217419","Test
`Verwarnung erstellt am 01.04.2022`",1
"925729625580113951","837044499346620448","Frech zu Teammitgliedern
`Verwarnung erstellt am 05.04.2022`",1
"933706031517802536","352793093105254402","Respektloses Verhalten gegenüber dem Owner
`Verwarnung erstellt am 14.04.2022`",1
"933706031517802536","936757477737922630","Triggert Teammitglieder
`Verwarnung erstellt am 24.04.2022`",1
"943483956664356894","798567188373831722","sohalt
`Verwarnung erstellt am 26.04.2022`",1
"932693214996090894","847176705478099006","julian
`Verwarnung erstellt am 30.04.2022`",1
"943483956664356894","824378909985341451","test
`Verwarnung erstellt am 30.04.2022`",2
"943483956664356894","824378909985341451","test
`Verwarnung erstellt am 30.04.2022`",3
"943483956664356894","824378909985341451","test
`Verwarnung erstellt am 30.04.2022`",4
"943483956664356894","824378909985341451","test
`Verwarnung erstellt am 30.04.2022`",5
"953379025311641640","728224308312146011","test
`Verwarnung erstellt am 01.05.2022`",1
"941035429203968062","925799559576322078","teste
`Verwarnung erstellt am 01.05.2022`",1
"966811756376776724","722504610702426212","kp
`Verwarnung erstellt am 02.05.2022`",1
"925729625580113951","941750986551205930","Häufiges Betteln, nach einigen Ermahnungen
`Verwarnung erstellt am 03.05.2022`",1
"971122193918476298","970855141102202930","Server Beleidigung | Der Nächste wird der Härtere werden
`Verwarnung erstellt am 04.05.2022`",1
"925729625580113951","941750986551205930","DM Werbung
`Verwarnung erstellt am 04.05.2022`",2
"971122193918476298","615500048163274776","Keiner Sexuelle Emojis
`Verwarnung erstellt am 04.05.2022`",1
"971122193918476298","615500048163274776","Keine Sexuellen Emojis
`Verwarnung erstellt am 04.05.2022`",2
"971122193918476298","970855141102202930","Keine Sexuelle Aktivität im Server
`Verwarnung erstellt am 04.05.2022`",2
"943483956664356894","798618692018503761","Werbung im chat
`Verwarnung erstellt am 05.05.2022`",1
"943483956664356894","845966827275157524","Werbung im chat
`Verwarnung erstellt am 05.05.2022`",1
"925729625580113951","942385774173753404","Trollen vom Owner
`Verwarnung erstellt am 06.05.2022`",1
"933706031517802536","884421589184180234","Hat ein verbotenes Wort gesendet: ||fuck||
`Verwarnung erstellt am 06.05.2022`",1
"933706031517802536","439150538005938208","Hat ein verbotenes Wort gesendet: ||fuck||
`Verwarnung erstellt am 06.05.2022`",1
"933706031517802536","352793093105254402","Hat ein verbotenes Wort gesendet: ||fick||
`Verwarnung erstellt am 07.05.2022`",2
"933706031517802536","894235218754535424","spam
`Verwarnung erstellt am 07.05.2022`",1
"943483956664356894","702170085237719113","nazi<:bruh_lol:968007896141017089>
`Verwarnung erstellt am 07.05.2022`",1
"933706031517802536","507436719339995136","Beleidigungen
`Verwarnung erstellt am 08.05.2022`",1
"933706031517802536","507436719339995136","Hat ein verbotenes Wort gesendet: ||huhrensohn||
`Verwarnung erstellt am 08.05.2022`",2
"933706031517802536","507436719339995136","Nerven
`Verwarnung erstellt am 08.05.2022`",3
"933706031517802536","939253803511840769","Unnötiges Spamen von Commands im Chat
`Verwarnung erstellt am 08.05.2022`",1
"933706031517802536","939253803511840769","Spamen generell
`Verwarnung erstellt am 08.05.2022`",2
"933706031517802536","824378909985341451","Einfach Dummheit
`Verwarnung erstellt am 08.05.2022`",1
"925729625580113951","941750986551205930","Unnötiges öffnen von tickets
`Verwarnung erstellt am 09.05.2022`",3
"933706031517802536","352793093105254402","Hat ein verbotenes Wort gesendet: ||fuck||
`Verwarnung erstellt am 09.05.2022`",3
"933706031517802536","474947907913515019","Hat ein verbotenes Wort gesendet: ||vollidiot||
`Verwarnung erstellt am 09.05.2022`",1
"966978675251744779","676001622186262528","Löscht nachrichten von Leitung+
`Verwarnung erstellt am 11.05.2022`",1
"950498508690042890","927723500444213308","wegen neidisch
`Verwarnung erstellt am 11.05.2022`",1
"968162980946673756","971033401903702048","unnötige Bewerbungen
`Verwarnung erstellt am 12.05.2022`",1
"966978675251744779","676001622186262528","test
`Verwarnung erstellt am 12.05.2022`",2
"933706031517802536","352793093105254402","Hat ein verbotenes Wort gesendet: ||vollidiot||
`Verwarnung erstellt am 13.05.2022`",4
"933706031517802536","507436719339995136","Spam/Fake News
`Verwarnung erstellt am 15.05.2022`",4
"966811756376776724","970717177088970762","Hat ein verbotenes Wort gesendet: ||hurensohn||
`Verwarnung erstellt am 15.05.2022`",1
"933706031517802536","788892015756312607","Ausnutzung des Supportes
`Verwarnung erstellt am 16.05.2022`",1
"965566481322606592","975660867813249090","Pinged!
`Verwarnung erstellt am 16.05.2022`",1
"965566481322606592","766351160498978866","PINGED ME AGAIN
`Verwarnung erstellt am 16.05.2022`",1
"971122193918476298","656506779303149579","Team Inaktivität!
`Verwarnung erstellt am 16.05.2022`",1
"966811756376776724","961671740902215751","Hat ein verbotenes Wort gesendet: ||hurensohn||
`Verwarnung erstellt am 16.05.2022`",1
"965566481322606592","758368724192722966","ping
`Verwarnung erstellt am 16.05.2022`",1
"933706031517802536","416015508303904779","Hat ein verbotenes Wort gesendet: ||hure||
`Verwarnung erstellt am 17.05.2022`",1
"933706031517802536","416015508303904779","Hat ein verbotenes Wort gesendet: ||hure||
`Verwarnung erstellt am 17.05.2022`",2
"933706031517802536","609148553968877638","Hat ein verbotenes Wort gesendet: ||hure||
`Verwarnung erstellt am 17.05.2022`",1
"933706031517802536","507436719339995136","DM Werbung
`Verwarnung erstellt am 17.05.2022`",5
"909767478148751440","910265098117992529","keine Nachrichten dieser Art
`Verwarnung erstellt am 19.05.2022`",1
"971122193918476298","890595220532658247","Inaktivität als Teamler bitte mal wieder online kommen leichter warn passiert nichts ist nur eine Mitteilung
`Verwarnung erstellt am 19.05.2022`",1
"933706031517802536","947298447889928223","Spam
`Verwarnung erstellt am 20.05.2022`",1
"950498508690042890","964223353550405672","wegen mobben
`Verwarnung erstellt am 21.05.2022`",1
"965566481322606592","947298447889928223","Hat ein verbotenes Wort gesendet: ||ass||
`Verwarnung erstellt am 21.05.2022`",1
"965566481322606592","947298447889928223","Hat ein verbotenes Wort gesendet: ||ass||
`Verwarnung erstellt am 21.05.2022`",2
"965566481322606592","947298447889928223","Hat ein verbotenes Wort gesendet: ||ass||
`Verwarnung erstellt am 21.05.2022`",3
"933706031517802536","947298447889928223","Hat ein verbotenes Wort gesendet: ||pussy||
`Verwarnung erstellt am 21.05.2022`",2
"965566481322606592","947298447889928223","Hat ein verbotenes Wort gesendet: ||ass||
`Verwarnung erstellt am 21.05.2022`",4
"933706031517802536","507436719339995136","Respektloses Verhahalten/Pingen anderer Leute
`Verwarnung erstellt am 22.05.2022`",6
"933706031517802536","776732742762758155","2.acc zum umgehen einer Strafe/ pingt einfach Leute 10 mal
`Verwarnung erstellt am 22.05.2022`",1
"977847373579554857","507436719339995136","WERBUNG
`Verwarnung erstellt am 22.05.2022`",1
"933706031517802536","331109080741576705","Hat ein verbotenes Wort gesendet: ||hure||
`Verwarnung erstellt am 22.05.2022`",1
"968162980946673756","911736631634034740","Beleidigung gegen den Server
`Verwarnung erstellt am 23.05.2022`",1
"965566481322606592","969534936849723443","Hat ein verbotenes Wort gesendet: ||ass||
`Verwarnung erstellt am 24.05.2022`",1
"965566481322606592","969534936849723443","Hat ein verbotenes Wort gesendet: ||ass||
`Verwarnung erstellt am 24.05.2022`",2
"943483956664356894","646287894717399040","kek keine Werbung im chat
`Verwarnung erstellt am 24.05.2022`",1
"909767478148751440","720700352730497155","Beleidigen
`Verwarnung erstellt am 24.05.2022`",1
"965566481322606592","737955549307600898","Hat ein verbotenes Wort gesendet: ||ass||
`Verwarnung erstellt am 24.05.2022`",1
"933706031517802536","941750986551205930","Unnötiges Feddback
`Verwarnung erstellt am 24.05.2022`",1
"950498508690042890","901374218778869811","Weil ich's kann
`Verwarnung erstellt am 26.05.2022`",1
"977632897840349204","840896163494625280","jaja
`Verwarnung erstellt am 27.05.2022`",1
"977632897840349204","707994502060834827","kacken
`Verwarnung erstellt am 27.05.2022`",1
"977632897840349204","840896163494625280","su wirst in 10 min von Discord gebannt
`Verwarnung erstellt am 27.05.2022`",2
"977632897840349204","707994502060834827","ANZEIGE IST JETZT SCHON RAUS SORRY
`Verwarnung erstellt am 27.05.2022`",2
"965566481322606592","824378909985341451","Hat ein verbotenes Wort gesendet: ||ass||
`Verwarnung erstellt am 27.05.2022`",1
"950498508690042890","898091616072503326","Werbung
`Verwarnung erstellt am 27.05.2022`",1
"943483956664356894","770192165515034626","Werbung im ticket
`Verwarnung erstellt am 28.05.2022`",1
"896713953412001793","803693555226771466","d
`Verwarnung erstellt am 28.05.2022`",1
"925729625580113951","941750986551205930","DM Werbung
`Verwarnung erstellt am 29.05.2022`",4
"979728374111039578","936976913711386654","beleidigung
`Verwarnung erstellt am 29.05.2022`",1
"965566481322606592","924667459112427570","please do your duties as a moderator and don't just collect your winnings!!!
`Verwarnung erstellt am 29.05.2022`",1
"896713953412001793","737955549307600898","Wenn du Online Bist melde dich Sofort Im Support - Anstiftung
`Verwarnung erstellt am 30.05.2022`",1
"965566481322606592","752555494169772173","don't open so many tickets!!
`Verwarnung erstellt am 30.05.2022`",1
"979728374111039578","891409621745549354","gey
`Verwarnung erstellt am 30.05.2022`",1
"979728374111039578","293824686838644737","Hat ein verbotenes Wort gesendet: ||ohne löschen||
`Verwarnung erstellt am 30.05.2022`",1
"979728374111039578","891409621745549354","beleidigung
`Verwarnung erstellt am 31.05.2022`",2
"896713953412001793","803693555226771466","Test - Beleidigung
`Verwarnung erstellt am 31.05.2022`",2
"976893015614435328","764157181285105685","Test
`Verwarnung erstellt am 01.06.2022`",1
"933706031517802536","720602314456432646","Nerven in Minecraft und Join/Leave Spam
`Verwarnung erstellt am 02.06.2022`",1
"976893015614435328","802877559544872960","Verdient
`Verwarnung erstellt am 02.06.2022`",1
"965566481322606592","623194138648772608","Hat ein verbotenes Wort gesendet: ||ass||
`Verwarnung erstellt am 02.06.2022`",1
"965566481322606592","924667459112427570","Hat ein verbotenes Wort gesendet: ||Dumb||
`Verwarnung erstellt am 03.06.2022`",2
"736525651628130375","821710110870077461","s
`Verwarnung erstellt am 04.06.2022`",1
"966811756376776724","439785537403093003","Rassistische Beleidigung
`Verwarnung erstellt am 04.06.2022`",1
"896713953412001793","889207072854507600","Respektlosiges Verhalten // Schwere Beleidigung
`Verwarnung erstellt am 04.06.2022`",1
"965566481322606592","729250223188344912","Hat ein verbotenes Wort gesendet: ||ass||
`Verwarnung erstellt am 05.06.2022`",1
"965566481322606592","729250223188344912","Hat ein verbotenes Wort gesendet: ||ass||
`Verwarnung erstellt am 05.06.2022`",2
"965566481322606592","729250223188344912","Hat ein verbotenes Wort gesendet: ||ass||
`Verwarnung erstellt am 05.06.2022`",3
"965566481322606592","729250223188344912","Hat ein verbotenes Wort gesendet: ||ass||
`Verwarnung erstellt am 05.06.2022`",4
"965566481322606592","738800213271117964","Hat ein verbotenes Wort gesendet: ||ass||
`Verwarnung erstellt am 05.06.2022`",1
"965566481322606592","745013154332934174","Hat ein verbotenes Wort gesendet: ||ass||
`Verwarnung erstellt am 06.06.2022`",1
"965566481322606592","745013154332934174","Hat ein verbotenes Wort gesendet: ||ass||
`Verwarnung erstellt am 06.06.2022`",2
"896713953412001793","779757411602923570","Melde dich Bite Im DarkWolf Support!
`Verwarnung erstellt am 07.06.2022`",1
"896713953412001793","779757411602923570","Melde dich bis 14:00 Im Support auf DarkWolf, Ansonsen wirst du von der Moderation Gebann.
`Verwarnung erstellt am 07.06.2022`",2
"896713953412001793","983688716637847572","Support Ausnutzung
`Verwarnung erstellt am 07.06.2022`",1
"933706031517802536","820332381826842655","Versuche everyone zu pingen
`Verwarnung erstellt am 07.06.2022`",1
"983413416209285190","722003331672834058","Grundloses Pingen
`Verwarnung erstellt am 07.06.2022`",1
"983413416209285190","722003331672834058","Grundloses Pingen nach Ermahnung
`Verwarnung erstellt am 07.06.2022`",2
"983413416209285190","722003331672834058","Mehrfaches grundloses Pingen
`Verwarnung erstellt am 07.06.2022`",3
"925729625580113951","743766960180822067","DM Werbung
`Verwarnung erstellt am 09.06.2022`",1
"896713953412001793","948620393755836456","Respektlosigkeit // Brüllen Ins Mic
`Verwarnung erstellt am 09.06.2022`",1
"896713953412001793","948620393755836456","Du wurdest aus dem Knast Entlassen!
`Verwarnung erstellt am 09.06.2022`",2
"896713953412001793","838688063755518012","You has been Jailed In ""DarkWolf"", Please Contact the Support via Ticket for Help!
`Verwarnung erstellt am 09.06.2022`",1
"933706031517802536","592124987150696460","Hat ein verbotenes Wort gesendet: ||porno||
`Verwarnung erstellt am 09.06.2022`",1
"915135748846538772","942799934934093884","Hat ein verbotenes Wort gesendet: ||Hs||
`Verwarnung erstellt am 10.06.2022`",1
"915135748846538772","942799934934093884","Hat ein verbotenes Wort gesendet: ||Hs||
`Verwarnung erstellt am 10.06.2022`",2
"984828890755268639","794901871398879232","geh mit Servervorschlägen in <#984857661612888185>
`Verwarnung erstellt am 11.06.2022`",1
"980820559065661511","904072386192736296","er wollte mich warnen
`Verwarnung erstellt am 11.06.2022`",1
"977632897840349204","840896163494625280","zu viele vbux
`Verwarnung erstellt am 16.06.2022`",3
"977632897840349204","904666156772757524","zu viele vbux
`Verwarnung erstellt am 16.06.2022`",1
"977632897840349204","840896163494625280","vbux
`Verwarnung erstellt am 16.06.2022`",4
"977632897840349204","840896163494625280","vbux
`Verwarnung erstellt am 16.06.2022`",5
"977632897840349204","840896163494625280","vbux
`Verwarnung erstellt am 16.06.2022`",6
"977632897840349204","840896163494625280","zu viele webucks
`Verwarnung erstellt am 16.06.2022`",7
"977632897840349204","840896163494625280","zu viele webucks
`Verwarnung erstellt am 16.06.2022`",8
"977632897840349204","840896163494625280","zu viele webucks
`Verwarnung erstellt am 16.06.2022`",9
"977632897840349204","840896163494625280","zu viele webucks
`Verwarnung erstellt am 16.06.2022`",10
"977632897840349204","840896163494625280","zu viele webucks
`Verwarnung erstellt am 16.06.2022`",11
"977632897840349204","904666156772757524","sus
`Verwarnung erstellt am 16.06.2022`",2
"983413416209285190","722003331672834058","Unnötiges Pingen
`Verwarnung erstellt am 18.06.2022`",4
"933706031517802536","936903830409449503","spam
`Verwarnung erstellt am 20.06.2022`",1
"915135748846538772","503951854062010369","Hat ein verbotenes Wort gesendet: ||Hs||
`Verwarnung erstellt am 21.06.2022`",1
"915135748846538772","503951854062010369","Hat ein verbotenes Wort gesendet: ||Hs||
`Verwarnung erstellt am 21.06.2022`",2
"915135748846538772","503951854062010369","Hat ein verbotenes Wort gesendet: ||Hs||
`Verwarnung erstellt am 21.06.2022`",3
"915135748846538772","503951854062010369","Hat ein verbotenes Wort gesendet: ||Hs||
`Verwarnung erstellt am 21.06.2022`",4
"933706031517802536","795382631318814730","Hat ein verbotenes Wort gesendet: ||hure||
`Verwarnung erstellt am 22.06.2022`",1
"933706031517802536","844488878614118421","Hat ein verbotenes Wort gesendet: ||fick||
`Verwarnung erstellt am 22.06.2022`",1
"933706031517802536","987092815928516658","Hat ein verbotenes Wort gesendet: ||pussy||
`Verwarnung erstellt am 22.06.2022`",1
"933706031517802536","987092815928516658","Hat ein verbotenes Wort gesendet: ||pussy||
`Verwarnung erstellt am 22.06.2022`",2
"933706031517802536","947176753502224384","Hat ein verbotenes Wort gesendet: ||hure||
`Verwarnung erstellt am 22.06.2022`",1
"933706031517802536","947176753502224384","Hat ein verbotenes Wort gesendet: ||hure||
`Verwarnung erstellt am 22.06.2022`",2
"915135748846538772","443102781537255445","Hat ein verbotenes Wort gesendet: ||Hs||
`Verwarnung erstellt am 22.06.2022`",1
"933706031517802536","795658412410142750","Hat ein verbotenes Wort gesendet: ||dumbass||
`Verwarnung erstellt am 22.06.2022`",1
"915135748846538772","503951854062010369","Hat ein verbotenes Wort gesendet: ||Hs||
`Verwarnung erstellt am 22.06.2022`",5
"915135748846538772","443102781537255445","Hat ein verbotenes Wort gesendet: ||Hs||
`Verwarnung erstellt am 22.06.2022`",2
"933706031517802536","831222668178489386","Hat ein verbotenes Wort gesendet: ||hure||
`Verwarnung erstellt am 23.06.2022`",1
"925729625580113951","737955549307600898","DM Werbung
`Verwarnung erstellt am 25.06.2022`",1
"853662631130300458","716731201276346418","Test
`Verwarnung erstellt am 25.06.2022`",1
"853662631130300458","536991182035746816","1
`Verwarnung erstellt am 25.06.2022`",1
"853662631130300458","536991182035746816","2
`Verwarnung erstellt am 25.06.2022`",2
"853662631130300458","536991182035746816","2
`Verwarnung erstellt am 25.06.2022`",3
"988321667522629683","968476144443732018","Hat ein verbotenes Wort gesendet: ||hurensohn||
`Verwarnung erstellt am 27.06.2022`",1
"984828890755268639","976100030345801759","Du hast dich nicht an die Abmachung gehalten, und meinen Befehl missachtet. Hör auf unter 40 Membern Accounts zu droppen.
`Verwarnung erstellt am 29.06.2022`",1
"925729625580113951","989404318086094898","Hat ein verbotenes Wort gesendet: ||scheiß||
`Verwarnung erstellt am 30.06.2022`",1
"983413416209285190","718801293891600396","Beleidigung gegenüber Team.
`Verwarnung erstellt am 02.07.2022`",1
"983413416209285190","802559599562719292","Kaka mit soße
`Verwarnung erstellt am 02.07.2022`",1
"964960515552059442","941750986551205930","zu starkes pingen
`Verwarnung erstellt am 07.07.2022`",1
"966811756376776724","751775064273322014","Hat ein verbotenes Wort gesendet: ||hurensohn||
`Verwarnung erstellt am 07.07.2022`",1
"925729625580113951","785059784604778496","Hat die Caps Sperre von 50% überschritten. Die Nachricht beinhaltete 100% Caps.
`Verwarnung erstellt am 12.07.2022`",1
"973289734057132092","994301549662720100","Beleidigung
`Verwarnung erstellt am 14.07.2022`",1
"974804274414497802","926182048832557086","Für Fortnite
`Verwarnung erstellt am 14.07.2022`",1
"977632897840349204","904666156772757524","susy
`Verwarnung erstellt am 16.07.2022`",3
"925729625580113951","857218990463385600","Hat die Caps Sperre von 50% überschritten. Die Nachricht beinhaltete 60% Caps.
`Verwarnung erstellt am 16.07.2022`",1
"925729625580113951","857218990463385600","Hat die Caps Sperre von 50% überschritten. Die Nachricht beinhaltete 60% Caps.
`Verwarnung erstellt am 16.07.2022`",2
"925729625580113951","857218990463385600","Hat die Caps Sperre von 50% überschritten. Die Nachricht beinhaltete 80% Caps.
`Verwarnung erstellt am 17.07.2022`",3
"925729625580113951","853742600061714482","Hat die Caps Sperre von 50% überschritten. Die Nachricht beinhaltete 100% Caps.
`Verwarnung erstellt am 19.07.2022`",1
"966811756376776724","799618566730678323","Hat die Caps Sperre von 100% überschritten. Die Nachricht beinhaltete 100% Caps.
`Verwarnung erstellt am 19.07.2022`",1
"925729625580113951","941750986551205930","Hat die Caps Sperre von 50% überschritten. Die Nachricht beinhaltete 100% Caps.
`Verwarnung erstellt am 20.07.2022`",5
"971441719222599720","804711807880265788","einfach zum test
`Verwarnung erstellt am 20.07.2022`",1
"925729625580113951","941750986551205930","Hat die Caps Sperre von 50% überschritten. Die Nachricht beinhaltete 80% Caps.
`Verwarnung erstellt am 20.07.2022`",6
"966811756376776724","685782163496370177","Hat die Caps Sperre von 100% überschritten. Die Nachricht beinhaltete 100% Caps.
`Verwarnung erstellt am 21.07.2022`",1
"966811756376776724","685782163496370177","Hat die Caps Sperre von 100% überschritten. Die Nachricht beinhaltete 100% Caps.
`Verwarnung erstellt am 21.07.2022`",2
"966811756376776724","685782163496370177","Hat die Caps Sperre von 100% überschritten. Die Nachricht beinhaltete 100% Caps.
`Verwarnung erstellt am 21.07.2022`",3
"925729625580113951","941750986551205930","Hat die Caps Sperre von 50% überschritten. Die Nachricht beinhaltete 86% Caps.
`Verwarnung erstellt am 21.07.2022`",7
"925729625580113951","853742600061714482","Hat die Caps Sperre von 50% überschritten. Die Nachricht beinhaltete 67% Caps.
`Verwarnung erstellt am 21.07.2022`",2
"882684482551943178","839484141728170055","beleidigt/hatet Server
`Verwarnung erstellt am 22.07.2022`",1
"882684482551943178","839484141728170055","Teammitglied beleidigt
`Verwarnung erstellt am 22.07.2022`",2
"973289734057132092","980460716345683978","Beleidigung
`Verwarnung erstellt am 22.07.2022`",1
"951776421355868231","824378909985341451","Ausnutzung von Serverschwäche
`Verwarnung erstellt am 22.07.2022`",1
"974804274414497802","728994963894960183","Schaltet Werbung in Tickets
`Verwarnung erstellt am 23.07.2022`",1
"951776421355868231","756501308760129676","Beleidigung
`Verwarnung erstellt am 24.07.2022`",1
"909422299587964988","812426257958305853","test
`Verwarnung erstellt am 26.07.2022`",1
"974804274414497802","980460716345683978","Server Team angelogen!
`Verwarnung erstellt am 27.07.2022`",1
"948595942448320653","934790682793607199","test
`Verwarnung erstellt am 28.07.2022`",1
"925729625580113951","853742600061714482","Hat die Caps Sperre von 50% überschritten. Die Nachricht beinhaltete 86% Caps.
`Verwarnung erstellt am 28.07.2022`",3
"925729625580113951","840122604115329055","Hat die Caps Sperre von 50% überschritten. Die Nachricht beinhaltete 100% Caps.
`Verwarnung erstellt am 29.07.2022`",1
"997188963074834563","936354421900726312","test
`Verwarnung erstellt am 31.07.2022`",1
"999561154655440928","781935605005287445","idk
`Verwarnung erstellt am 01.08.2022`",1
"925729625580113951","853742600061714482","Hat die Caps Sperre von 50% überschritten. Die Nachricht beinhaltete 64% Caps.
`Verwarnung erstellt am 01.08.2022`",4
"925729625580113951","840122604115329055","Hat die Caps Sperre von 50% überschritten. Die Nachricht beinhaltete 78% Caps.
`Verwarnung erstellt am 01.08.2022`",2
"853365601783382047","657872407385866262","Support ausnutzung
`Verwarnung erstellt am 02.08.2022`",1
"973289734057132092","840255542454124565","ich bin ein dev wtf
`Verwarnung erstellt am 04.08.2022`",1
"966811756376776724","926748155637301258","Hat die Caps Sperre von 100% überschritten. Die Nachricht beinhaltete 100% Caps.
`Verwarnung erstellt am 07.08.2022`",1
"973289734057132092","955920056603275275","DM Werbung an Imposter
`Verwarnung erstellt am 07.08.2022`",1
"972184158665310239","974992893024546816","bitte nd spammen
`Verwarnung erstellt am 08.08.2022`",1
"966811756376776724","770223395035283466","Hat die Caps Sperre von 100% überschritten. Die Nachricht beinhaltete 100% Caps.
`Verwarnung erstellt am 08.08.2022`",1
"852201283690692628","416015508303904779","1
`Verwarnung erstellt am 17.08.2022`",1
"992875678284390432","1007769871163072686","Bedrohung
`Verwarnung erstellt am 19.08.2022`",1
"925729625580113951","853742600061714482","Hat die Caps Sperre von 50% überschritten. Die Nachricht beinhaltete 50% Caps.
`Verwarnung erstellt am 19.08.2022`",5
"950783169756549170","854779584699564084","Zu oft Pingend er Pl
`Verwarnung erstellt am 20.08.2022`",1
"989961082833608795","904666156772757524","Spamming
`Verwarnung erstellt am 21.08.2022`",1
"925729625580113951","920385751781367808","Hat die Caps Sperre von 50% überschritten. Die Nachricht beinhaltete 85% Caps.
`Verwarnung erstellt am 21.08.2022`",2
"973289734057132092","980460716345683978","NSWFW Content in Werbung
`Verwarnung erstellt am 22.08.2022`",2
"973289734057132092","980460716345683978","weisst du selber
`Verwarnung erstellt am 22.08.2022`",3
"925729625580113951","853742600061714482","Hat die Caps Sperre von 50% überschritten. Die Nachricht beinhaltete 100% Caps.
`Verwarnung erstellt am 22.08.2022`",6
"994332164768403596","794901871398879232","Teambeleidigung
`Verwarnung erstellt am 22.08.2022`",1
"948595942448320653","1010979014766231695","werbung im <#993589177503465583>
`Verwarnung erstellt am 22.08.2022`",1
"979142025112858685","834106965658566716","links
`Verwarnung erstellt am 22.08.2022`",1
"948595942448320653","1010979014766231695","unerlaubte Werbung im Main-Chat
`Verwarnung erstellt am 22.08.2022`",2
"988378814184820776","892431681020104724","test
`Verwarnung erstellt am 23.08.2022`",1
"1007984950529769523","897536706880888883","Using bot commands in dialekt
`Verwarnung erstellt am 23.08.2022`",1
"988378814184820776","892431681020104724","test <@892431681020104724> warn 2 nur test
`Verwarnung erstellt am 23.08.2022`",2
"966811756376776724","1000211807065092206","Hat die Caps Sperre von 100% überschritten. Die Nachricht beinhaltete 100% Caps.
`Verwarnung erstellt am 24.08.2022`",1
"966811756376776724","785059784604778496","Hat die Caps Sperre von 100% überschritten. Die Nachricht beinhaltete 100% Caps.
`Verwarnung erstellt am 25.08.2022`",1
"1001159627095953569","1006980769262084146","test
`Verwarnung erstellt am 25.08.2022`",1
"811730903482761246","789555434201677824","Hat die Caps Sperre von 50% überschritten. Die Nachricht beinhaltete 52% Caps.
`Verwarnung erstellt am 26.08.2022`",1
"727825640568651827","789555434201677824","Hat die Caps Sperre von 50% überschritten. Die Nachricht beinhaltete 58% Caps.
`Verwarnung erstellt am 26.08.2022`",1
"948595942448320653","507436719339995136","Unerlaubte Werbung im Main-Chat
`Verwarnung erstellt am 27.08.2022`",1
"948595942448320653","507436719339995136","Unerlaubte Werbung im ymain-Chat und setzte sich über meine Anweisung hinweg
`Verwarnung erstellt am 27.08.2022`",2
"948595942448320653","507436719339995136","Widersprach mir mehrmals, log und beleidigte.
`Verwarnung erstellt am 27.08.2022`",3
"925729625580113951","920385751781367808","Hat die Caps Sperre von 50% überschritten. Die Nachricht beinhaltete 100% Caps.
`Verwarnung erstellt am 27.08.2022`",3
"1012742150972252221","997879977481617539","Grundloses ticket
`Verwarnung erstellt am 27.08.2022`",1
"903725994907693096","809739434537910283","David du Stinki
`Verwarnung erstellt am 28.08.2022`",1
"925729625580113951","785059784604778496","Betrug durch Faken von Chats(Bildern)
`Verwarnung erstellt am 28.08.2022`",2
"925729625580113951","785059784604778496","Hat die Caps Sperre von 50% überschritten. Die Nachricht beinhaltete 100% Caps.
`Verwarnung erstellt am 28.08.2022`",3
"1009496911348256799","769496371824033803","verhalten
`Verwarnung erstellt am 30.08.2022`",1
"994332164768403596","926748155637301258","Hat die Caps Sperre von 80% überschritten. Die Nachricht beinhaltete 86% Caps.
`Verwarnung erstellt am 31.08.2022`",1
"983021996713586778","986621385914867712","Inaktivität!
`Verwarnung erstellt am 31.08.2022`",1
"983021996713586778","692172979047497788","Inaktivität, Server *Stumm*
`Verwarnung erstellt am 31.08.2022`",1
"983806829165420596","766642396238446632","Hat die Caps Sperre von 10% überschritten. Die Nachricht beinhaltete 11% Caps.
`Verwarnung erstellt am 02.09.2022`",1
"983806829165420596","766642396238446632","Hat die Caps Sperre von 10% überschritten. Die Nachricht beinhaltete 15% Caps.
`Verwarnung erstellt am 02.09.2022`",2
"983806829165420596","766642396238446632","Hat die Caps Sperre von 10% überschritten. Die Nachricht beinhaltete 17% Caps.
`Verwarnung erstellt am 02.09.2022`",3
"983806829165420596","766642396238446632","Hat die Caps Sperre von 10% überschritten. Die Nachricht beinhaltete 17% Caps.
`Verwarnung erstellt am 02.09.2022`",4
"983806829165420596","766642396238446632","Hat die Caps Sperre von 10% überschritten. Die Nachricht beinhaltete 17% Caps.
`Verwarnung erstellt am 02.09.2022`",5
"983806829165420596","766642396238446632","Hat die Caps Sperre von 10% überschritten. Die Nachricht beinhaltete 17% Caps.
`Verwarnung erstellt am 02.09.2022`",6
"983806829165420596","888486469746950145","Hat die Caps Sperre von 10% überschritten. Die Nachricht beinhaltete 12% Caps.
`Verwarnung erstellt am 02.09.2022`",1
"983806829165420596","976090592310362163","Hat die Caps Sperre von 10% überschritten. Die Nachricht beinhaltete 10% Caps.
`Verwarnung erstellt am 02.09.2022`",1
"983806829165420596","963449563899895808","Hat die Caps Sperre von 10% überschritten. Die Nachricht beinhaltete 12% Caps.
`Verwarnung erstellt am 02.09.2022`",1
"983806829165420596","963449563899895808","Hat die Caps Sperre von 10% überschritten. Die Nachricht beinhaltete 18% Caps.
`Verwarnung erstellt am 02.09.2022`",2
"983806829165420596","976090592310362163","Hat die Caps Sperre von 10% überschritten. Die Nachricht beinhaltete 14% Caps.
`Verwarnung erstellt am 02.09.2022`",2
"983806829165420596","976090592310362163","Hat die Caps Sperre von 10% überschritten. Die Nachricht beinhaltete 14% Caps.
`Verwarnung erstellt am 02.09.2022`",3
"1009875569271377921","1008802059560161290","Hat die Caps Sperre von 20% überschritten. Die Nachricht beinhaltete 100% Caps.
`Verwarnung erstellt am 03.09.2022`",1
"770360603855421450","580445863231356938","test
`Verwarnung erstellt am 04.09.2022`",1
"1015142561087750174","981898944017739836","test
`Verwarnung erstellt am 04.09.2022`",1
"1015142561087750174","941750986551205930","test
`Verwarnung erstellt am 04.09.2022`",1
"994332164768403596","993187056312389702","Hat die Caps Sperre von 80% überschritten. Die Nachricht beinhaltete 100% Caps.
`Verwarnung erstellt am 04.09.2022`",1
"1009875569271377921","663344206990802944","Hat die Caps Sperre von 20% überschritten. Die Nachricht beinhaltete 21% Caps.
`Verwarnung erstellt am 06.09.2022`",1
"1009875569271377921","663344206990802944","Hat die Caps Sperre von 20% überschritten. Die Nachricht beinhaltete 20% Caps.
`Verwarnung erstellt am 06.09.2022`",2
"1009875569271377921","663344206990802944","Hat die Caps Sperre von 20% überschritten. Die Nachricht beinhaltete 20% Caps.
`Verwarnung erstellt am 06.09.2022`",3
"1009875569271377921","663344206990802944","Hat die Caps Sperre von 20% überschritten. Die Nachricht beinhaltete 20% Caps.
`Verwarnung erstellt am 06.09.2022`",4
"1009875569271377921","845694254160543764","Hat die Caps Sperre von 20% überschritten. Die Nachricht beinhaltete 25% Caps.
`Verwarnung erstellt am 07.09.2022`",1
"1014445347713593354","601509256600092677","Hat die Spam Grenze von 5 Nachrichten innerhalb 2,5 Sekunden überschritten.
`Verwarnung erstellt am 07.09.2022`",1
"950783169756549170","789110518622846978","inativ
`Verwarnung erstellt am 07.09.2022`",1
"1009875569271377921","912083360325705778","Hat die Caps Sperre von 20% überschritten. Die Nachricht beinhaltete 20% Caps.
`Verwarnung erstellt am 08.09.2022`",1
"1009875569271377921","912083360325705778","Hat die Caps Sperre von 20% überschritten. Die Nachricht beinhaltete 20% Caps.
`Verwarnung erstellt am 08.09.2022`",2
"1009875569271377921","912083360325705778","Hat die Caps Sperre von 20% überschritten. Die Nachricht beinhaltete 20% Caps.
`Verwarnung erstellt am 09.09.2022`",3
"1009875569271377921","912083360325705778","Hat die Caps Sperre von 20% überschritten. Die Nachricht beinhaltete 20% Caps.
`Verwarnung erstellt am 09.09.2022`",4
"937793977892077668","953354375068254299","Sie stinken
`Verwarnung erstellt am 09.09.2022`",1
"1009875569271377921","507436719339995136","Hat die Caps Sperre von 20% überschritten. Die Nachricht beinhaltete 20% Caps.
`Verwarnung erstellt am 10.09.2022`",1
"937793977892077668","775433367595909129","Beleidigen
`Verwarnung erstellt am 10.09.2022`",1
"1009875569271377921","722928606870765568","Hat die Caps Sperre von 20% überschritten. Die Nachricht beinhaltete 91% Caps.
`Verwarnung erstellt am 10.09.2022`",1
"1009875569271377921","722928606870765568","Hat die Caps Sperre von 20% überschritten. Die Nachricht beinhaltete 100% Caps.
`Verwarnung erstellt am 10.09.2022`",2
"1009875569271377921","594457213133914121","Hat die Caps Sperre von 20% überschritten. Die Nachricht beinhaltete 20% Caps.
`Verwarnung erstellt am 10.09.2022`",1
"1009875569271377921","774618314105946163","Hat die Caps Sperre von 20% überschritten. Die Nachricht beinhaltete 29% Caps.
`Verwarnung erstellt am 10.09.2022`",1
"1009875569271377921","774618314105946163","Hat die Caps Sperre von 20% überschritten. Die Nachricht beinhaltete 50% Caps.
`Verwarnung erstellt am 11.09.2022`",2
"1009875569271377921","665445552317661194","Hat die Caps Sperre von 20% überschritten. Die Nachricht beinhaltete 20% Caps.
`Verwarnung erstellt am 11.09.2022`",1
"1009875569271377921","912736508916674631","Hat die Caps Sperre von 20% überschritten. Die Nachricht beinhaltete 20% Caps.
`Verwarnung erstellt am 11.09.2022`",1
"1009875569271377921","912736508916674631","Hat die Caps Sperre von 20% überschritten. Die Nachricht beinhaltete 20% Caps.
`Verwarnung erstellt am 11.09.2022`",2
"1009875569271377921","1013430620271165471","Hat die Caps Sperre von 20% überschritten. Die Nachricht beinhaltete 20% Caps.
`Verwarnung erstellt am 12.09.2022`",1
"1009875569271377921","761672282115932174","Hat die Caps Sperre von 20% überschritten. Die Nachricht beinhaltete 100% Caps.
`Verwarnung erstellt am 12.09.2022`",1
"937793977892077668","955896384891011072","Nicht everyone pingen
`Verwarnung erstellt am 13.09.2022`",1
"1003577766173753374","802123814896664577","LOL
`Verwarnung erstellt am 14.09.2022`",1
"1014445347713593354","697580864707494010","Hat die Spam Grenze von 5 Nachrichten innerhalb 2,5 Sekunden überschritten.
`Verwarnung erstellt am 15.09.2022`",1
"948595942448320653","963146343059189840","sammen im <#1014575659365974107>
`Verwarnung erstellt am 15.09.2022`",1
"1014116444897804408","691623228556443680","Hat die Spam Grenze von 5 Nachrichten innerhalb 2,5 Sekunden überschritten.
`Verwarnung erstellt am 17.09.2022`",1
"948595942448320653","774618314105946163","werbung im <#1014575659365974107>
`Verwarnung erstellt am 17.09.2022`",1
"1014116444897804408","693108996399431781","Hat die Spam Grenze von 5 Nachrichten innerhalb 2,5 Sekunden überschritten.
`Verwarnung erstellt am 18.09.2022`",1
"1014116444897804408","693108996399431781","Hat die Spam Grenze von 5 Nachrichten innerhalb 2,5 Sekunden überschritten.
`Verwarnung erstellt am 18.09.2022`",2
"1014116444897804408","693523513792790648","Hat die Spam Grenze von 5 Nachrichten innerhalb 2,5 Sekunden überschritten.
`Verwarnung erstellt am 18.09.2022`",1
"937793977892077668","956558001651744859","Uwu
`Verwarnung erstellt am 18.09.2022`",1
"768228694736371732","1009511214117818510","Test
`Verwarnung erstellt am 18.09.2022`",1
"925729625580113951","947529541834903582","Mehrfache Verstöße gegen Regel 7!
`Verwarnung erstellt am 18.09.2022`",1
"1019243091267424287","981474299036725268","Hat die Caps Sperre von 10% überschritten. Die Nachricht beinhaltete 20% Caps.
`Verwarnung erstellt am 18.09.2022`",1
"1019243091267424287","981474299036725268","Hat die Caps Sperre von 10% überschritten. Die Nachricht beinhaltete 20% Caps.
`Verwarnung erstellt am 18.09.2022`",2
"1019243091267424287","981474299036725268","Hat die Caps Sperre von 10% überschritten. Die Nachricht beinhaltete 22% Caps.
`Verwarnung erstellt am 18.09.2022`",3
"1019243091267424287","981474299036725268","Hat die Caps Sperre von 10% überschritten. Die Nachricht beinhaltete 100% Caps.
`Verwarnung erstellt am 18.09.2022`",4
"1019243091267424287","694925888059605142","Hat die Caps Sperre von 10% überschritten. Die Nachricht beinhaltete 17% Caps.
`Verwarnung erstellt am 19.09.2022`",1
"1014445347713593354","948899436694745129","Werbung verstößt gegen Regel 3
`Verwarnung erstellt am 19.09.2022`",1
"1014445347713593354","948899436694745129","spammen, verstößt gegen Regel 2
`Verwarnung erstellt am 21.09.2022`",2
"770360603855421450","275813801792634880","test
`Verwarnung erstellt am 22.09.2022`",1
"770360603855421450","275813801792634880","waa
`Verwarnung erstellt am 22.09.2022`",2
"1001476627718484080","709506546660278432","Werbung
`Verwarnung erstellt am 23.09.2022`",1
"1008758902990569562","823977416686829658","Hat die Caps Sperre von 20% überschritten. Die Nachricht beinhaltete 20% Caps.
`Verwarnung erstellt am 25.09.2022`",1
"773961545146433537","331109080741576705","Trolling
`Verwarnung erstellt am 25.09.2022`",1
"1008758902990569562","809739434537910283","Hat die Caps Sperre von 20% überschritten. Die Nachricht beinhaltete 20% Caps.
`Verwarnung erstellt am 25.09.2022`",1
"1020719124478968019","1022556778203992175","test
`Verwarnung erstellt am 28.09.2022`",1
"998640957211820133","909700322266607696","guten Morgen
`Verwarnung erstellt am 28.09.2022`",1
"937793977892077668","956558001651744859","Falscher channel& werbung
`Verwarnung erstellt am 29.09.2022`",2
"931796676774092842","931795662704615444","lol
`Verwarnung erstellt am 30.09.2022`",1
"1008758902990569562","925011336751104040","Hat die Caps Sperre von 20% überschritten. Die Nachricht beinhaltete 29% Caps.
`Verwarnung erstellt am 30.09.2022`",1
"925729625580113951","988502572404969552","Hat die Caps Sperre von 50% überschritten. Die Nachricht beinhaltete 62% Caps.
`Verwarnung erstellt am 02.05.2023`",1
"925729625580113951","288402111916539914","Hat die Caps Sperre von 50% überschritten. Die Nachricht beinhaltete 62% Caps.
`Verwarnung erstellt am 02.05.2023`",1
"925729625580113951","780393150237376553","Hat die Caps Sperre von 50% überschritten. Die Nachricht beinhaltete 70% Caps.
`Verwarnung erstellt am 02.05.2023`",1
"1102189465440624690","1099332395376853143","Test
`Verwarnung erstellt am 03.05.2023`",1
"1084173722052743229","1066693883100135434","gibt Upranks mit keiner Berechtigung
`Verwarnung erstellt am 03.05.2023`",1
"937398557286228010","1066693883100135434","am boden reden
`Verwarnung erstellt am 03.05.2023`",1
"1005878586072367104","1069186075530104913","Beleidigung Kindes alter respektlos 

Hallo <@1069186075530104913> hier spricht die <@&1099275050659614790> wir möchten das sie sich benehmen weil wir ein kindliches Benehmen nicht tolerieren bei der 2 Verwarnung Time out
`Verwarnung erstellt am 03.05.2023`",1
"1061392171074334794","1103184303904538678","Hat ein verbotenes Wort gesendet: ||Valo||
`Verwarnung erstellt am 03.05.2023`",1
"1061392171074334794","1103184303904538678","Hat ein verbotenes Wort gesendet: ||slay||
`Verwarnung erstellt am 03.05.2023`",2
"1061392171074334794","1103184303904538678","Hat ein verbotenes Wort gesendet: ||slay||
`Verwarnung erstellt am 03.05.2023`",3
"1061392171074334794","1103184303904538678","Hat ein verbotenes Wort gesendet: ||Valo||
`Verwarnung erstellt am 03.05.2023`",4
"1061392171074334794","1103184303904538678","Hat ein verbotenes Wort gesendet: ||Valo||
`Verwarnung erstellt am 03.05.2023`",5
"1061392171074334794","1103184303904538678","Hat ein verbotenes Wort gesendet: ||@everyone||
`Verwarnung erstellt am 03.05.2023`",6
"1061392171074334794","1103184303904538678","Hat ein verbotenes Wort gesendet: ||@everyone||
`Verwarnung erstellt am 03.05.2023`",7
"1061392171074334794","1103184303904538678","Hat ein verbotenes Wort gesendet: ||slay||
`Verwarnung erstellt am 03.05.2023`",8
"1061392171074334794","1103184303904538678","Hat ein verbotenes Wort gesendet: ||Valo||
`Verwarnung erstellt am 03.05.2023`",9
"1061392171074334794","1103184303904538678","Hat ein verbotenes Wort gesendet: ||Valo||
`Verwarnung erstellt am 03.05.2023`",10
"1061392171074334794","1103184303904538678","Hat ein verbotenes Wort gesendet: ||Valo||
`Verwarnung erstellt am 03.05.2023`",11
"1061392171074334794","1103184303904538678","Hat ein verbotenes Wort gesendet: ||Valo||
`Verwarnung erstellt am 03.05.2023`",12
"1061392171074334794","1103184303904538678","Hat ein verbotenes Wort gesendet: ||Valo||
`Verwarnung erstellt am 03.05.2023`",13
"1061392171074334794","1103184303904538678","Hat ein verbotenes Wort gesendet: ||Valo||
`Verwarnung erstellt am 03.05.2023`",14
"1061392171074334794","1103184303904538678","Hat ein verbotenes Wort gesendet: ||slay||
`Verwarnung erstellt am 03.05.2023`",15
"937398557286228010","1069194291433451520","Beleidigung eines Stafflers i.a Fabrizio
`Verwarnung erstellt am 03.05.2023`",2
"1057736689776341072","569608086642491405","Nsfw content
`Verwarnung erstellt am 03.05.2023`",1
"937398557286228010","1069194291433451520","Name ändern in einer RP Situation i.a. Fabrizio
`Verwarnung erstellt am 03.05.2023`",2
"1057736689776341072","569608086642491405","Beleidigung
`Verwarnung erstellt am 03.05.2023`",2
"937398557286228010","1069194291433451520","RP Flucht i.a. Fabrizio
`Verwarnung erstellt am 03.05.2023`",3
"1101489823484752034","996743837940719688","rasisst und frech
`Verwarnung erstellt am 03.05.2023`",1
"925729625580113951","780393150237376553","Hat die Caps Sperre von 50% überschritten. Die Nachricht beinhaltete 100% Caps.
`Verwarnung erstellt am 03.05.2023`",2
"1071794920244920320","879628573084880917","Unnötiges Pingen
`Verwarnung erstellt am 03.05.2023`",1
"1071794920244920320","1074384065219805265","lieber nicht nochmal machen
`Verwarnung erstellt am 03.05.2023`",1
"997838508360216737","775767175972913183","RDM
`Verwarnung erstellt am 04.05.2023`",1
"937398557286228010","984488922103025694","DM Support, wiedersetzung von staffler i.a valo
`Verwarnung erstellt am 04.05.2023`",1
"937398557286228010","984488922103025694","DM Support, wiedersetzung von staffler i.a valo
`Verwarnung erstellt am 04.05.2023`",2
"1100051302026842174","1095314224139468973","Beleidigung auf hohen Niveau ofters
`Verwarnung erstellt am 04.05.2023`",1
"1084192787198640139","1027285879485636708","Kein Schusscall
`Verwarnung erstellt am 04.05.2023`",1
"1100051302026842174","1095314224139468973","Sexuelles Word verwent
`Verwarnung erstellt am 04.05.2023`",2
"1035176586485440553","799727233039073280","Frech
`Verwarnung erstellt am 04.05.2023`",1
"1035176586485440553","1028320983074996296","2 mal Admin Befehle benutzt
`Verwarnung erstellt am 04.05.2023`",1
"997838508360216737","775767175972913183","Ausrauben
`Verwarnung erstellt am 05.05.2023`",2
"1100472949204598855","730779210938843136","verlassen einer Situation
`Verwarnung erstellt am 05.05.2023`",1
"937398557286228010","990969610117468211","FRP, Leben nicht geschützt; Unterschrift: Quentin
`Verwarnung erstellt am 05.05.2023`",1
"1100472949204598855","704018107546468413","Abgestimmt aber net gekommen
`Verwarnung erstellt am 05.05.2023`",1
"1100472949204598855","994677168430907482","Abgestimmt aber net gekommen
`Verwarnung erstellt am 05.05.2023`",1
"925729625580113951","593450283510792213","Ticket geöffnet ohne Grund und Antwort.
`Verwarnung erstellt am 05.05.2023`",1
"937398557286228010","912409881636667453","RP Flucht
`Verwarnung erstellt am 05.05.2023`",1
"1091421249273614426","1081602482096062585","mag keine nachos
`Verwarnung erstellt am 05.05.2023`",1
"937398557286228010","880009589423239228","Baller mein staff car in die luft I.a Fynn
`Verwarnung erstellt am 05.05.2023`",1
"937398557286228010","935595150653145098","Verweigerung in Support zu kommen da er mich nicht kennt
`Verwarnung erstellt am 06.05.2023`",1
"937398557286228010","935595150653145098","schreibt das ich spinne nur weil ich ihm sage um 22 Uhr Termin   I.A. julian
`Verwarnung erstellt am 06.05.2023`",2
"1100472949204598855","714106167600873565","Beleidigung von anderen Usern !!
`Verwarnung erstellt am 06.05.2023`",1
"1035176586485440553","816747511435886642","Ticket Troll
`Verwarnung erstellt am 06.05.2023`",1
"937398557286228010","935595150653145098","DM Support
`Verwarnung erstellt am 06.05.2023`",3
"937398557286228010","935595150653145098","Beleidigung U: Fabrizio
`Verwarnung erstellt am 06.05.2023`",4
"937398557286228010","935595150653145098","OOC Drohung
`Verwarnung erstellt am 06.05.2023`",5
"997838508360216737","775767175972913183","Beim Klauen erwischt
`Verwarnung erstellt am 06.05.2023`",3
"937398557286228010","919998724321738832","OOC beleidigung + im rp talk ohne im rp zu sein I.a Fynn
`Verwarnung erstellt am 06.05.2023`",1
"1100051302026842174","1101898811221213245","mich beleidigt
`Verwarnung erstellt am 06.05.2023`",1
"1071794920244920320","821017393894785094","respektlos
`Verwarnung erstellt am 06.05.2023`",1
"1057388309992710214","1098918375557697569","Crash RP/ F RP
`Verwarnung erstellt am 06.05.2023`",1
"937398557286228010","986308782453850214","RP Flucht
`Verwarnung erstellt am 06.05.2023`",1
"937398557286228010","690890593769095210","RP Flucht
`Verwarnung erstellt am 06.05.2023`",1
"937398557286228010","831942543088287836","RP Flucht
`Verwarnung erstellt am 06.05.2023`",1
"925729625580113951","780393150237376553","Hat die Caps Sperre von 50% überschritten. Die Nachricht beinhaltete 100% Caps.
`Verwarnung erstellt am 06.05.2023`",3
"937398557286228010","990969610117468211","kein Crash RP I.A Fynn
`Verwarnung erstellt am 06.05.2023`",2
"937398557286228010","990969610117468211","RP Flucht I.A Fynn
`Verwarnung erstellt am 06.05.2023`",3
"1104102467504967803","880853408574210078","Bitte nim keine eigenen Bewerbungen an !
`Verwarnung erstellt am 07.05.2023`",1
"1104102467504967803","880853408574210078","Keine eigenen oder anderen bewerbungen anehmen !
`Verwarnung erstellt am 07.05.2023`",2
"1104102467504967803","880853408574210078","Bitte unterlasse deine Schüpfwörter !
`Verwarnung erstellt am 07.05.2023`",3
"937398557286228010","732665336884887571","Freches Verhalten, Diskriminierung, Wiedersetzung i.a valo [to 1 woche]
`Verwarnung erstellt am 07.05.2023`",1
"1057736689776341072","1100467784191844512","zerstört die gebäude von unserem rp
`Verwarnung erstellt am 07.05.2023`",1
"997838508360216737","777485272447057920","nervt und raubt gerne sein Mods statt sie zu bezahlen
`Verwarnung erstellt am 07.05.2023`",1
"997838508360216737","775767175972913183","hat stweamer beleidigt
`Verwarnung erstellt am 07.05.2023`",4
"997838508360216737","723894849534820412","He he
`Verwarnung erstellt am 07.05.2023`",1
"937398557286228010","1077316637574836356","Support trolling, RP flucht i.a valo
`Verwarnung erstellt am 07.05.2023`",1
"937398557286228010","833440209264967700","Power RP /Snowyy
`Verwarnung erstellt am 07.05.2023`",1
"937398557286228010","926922226152915004","Power RP /Snowyy
`Verwarnung erstellt am 07.05.2023`",1
"1100051302026842174","1101898811221213245","Beleidigung
`Verwarnung erstellt am 07.05.2023`",2
"1100051302026842174","515920162084487179","beleidigung
`Verwarnung erstellt am 07.05.2023`",1
"1104358848724221993","1077313750392131684","Caps
`Verwarnung erstellt am 07.05.2023`",1
"1060633841947131925","961645918325731379","Respektlos | 24h TO
`Verwarnung erstellt am 07.05.2023`",1
"937398557286228010","1077316637574836356","Beachtet Teamler I.a Fynn
`Verwarnung erstellt am 08.05.2023`",2
"1097479709140455495","786511388053864448","Hat ein verbotenes Wort gesendet: ||hs||
`Verwarnung erstellt am 08.05.2023`",1
"1097479709140455495","786511388053864448","Hat ein verbotenes Wort gesendet: ||hs||
`Verwarnung erstellt am 08.05.2023`",2
"1097479709140455495","990677889060065311","Hat ein verbotenes Wort gesendet: ||hs||
`Verwarnung erstellt am 08.05.2023`",1
"1097479709140455495","786511388053864448","Hat ein verbotenes Wort gesendet: ||hs||
`Verwarnung erstellt am 08.05.2023`",3
"1091864126302724109","1001830741132464259","FRP
`Verwarnung erstellt am 08.05.2023`",1
"1100051302026842174","976182933847179354","wird polizist ohne job zu haben
`Verwarnung erstellt am 09.05.2023`",1
"1100051302026842174","976182933847179354","heftige beleidigung
`Verwarnung erstellt am 09.05.2023`",2
"1010639406945804398","1001830741132464259","chats regel 1 missachtet
`Verwarnung erstellt am 09.05.2023`",1
"1097479709140455495","771283729653039124","Hat ein verbotenes Wort gesendet: ||hs||
`Verwarnung erstellt am 09.05.2023`",1
"1097479709140455495","884829269593837660","Hat ein verbotenes Wort gesendet: ||hs||
`Verwarnung erstellt am 09.05.2023`",1
"1097479709140455495","771283729653039124","Hat ein verbotenes Wort gesendet: ||hs||
`Verwarnung erstellt am 09.05.2023`",2
"1100051302026842174","1101898811221213245","Festnahme ohne Grund und Verhandlungen übersprungen und ins gefangnis gebracht.
`Verwarnung erstellt am 09.05.2023`",3
"937398557286228010","898566507301326868","OOC Beleidigung
`Verwarnung erstellt am 09.05.2023`",1
"1071794920244920320","1072131635597803560","Spam
`Verwarnung erstellt am 09.05.2023`",1
"1071794920244920320","1072131635597803560","Streit
`Verwarnung erstellt am 09.05.2023`",2
"1071794920244920320","821017393894785094","Streit
`Verwarnung erstellt am 09.05.2023`",2
"925729625580113951","954798427802304532","Hat die Caps Sperre von 50% überschritten. Die Nachricht beinhaltete 81% Caps.
`Verwarnung erstellt am 09.05.2023`",1
"937398557286228010","980558556497592370","Am Boden Reden I.a Fynn
`Verwarnung erstellt am 09.05.2023`",1
"937398557286228010","880009589423239228","Support Flucht
`Verwarnung erstellt am 09.05.2023`",2
"1071794920244920320","1072131635597803560","test
`Verwarnung erstellt am 09.05.2023`",3
"1102253781875433646","821017393894785094","beleidigung
`Verwarnung erstellt am 09.05.2023`",1
"1102253781875433646","821017393894785094","faken von  bildern
`Verwarnung erstellt am 09.05.2023`",2
"1102253781875433646","821017393894785094","lügen
`Verwarnung erstellt am 09.05.2023`",3
"1102253781875433646","821017393894785094","deine mudder
`Verwarnung erstellt am 09.05.2023`",4
"1102253781875433646","821017393894785094","h
`Verwarnung erstellt am 09.05.2023`",5
"1102253781875433646","821017393894785094","s
`Verwarnung erstellt am 09.05.2023`",6
"1102253781875433646","821017393894785094","d
`Verwarnung erstellt am 09.05.2023`",7
"1102253781875433646","821017393894785094","why
`Verwarnung erstellt am 09.05.2023`",8
"1102253781875433646","821017393894785094","ist kein spam
`Verwarnung erstellt am 09.05.2023`",9
"1102253781875433646","821017393894785094","guck kein spam und ich würde es net schreiben
`Verwarnung erstellt am 09.05.2023`",10
"1102253781875433646","821017393894785094","sondern pluto
`Verwarnung erstellt am 09.05.2023`",11
"1102253781875433646","821017393894785094","privat ist ok
`Verwarnung erstellt am 09.05.2023`",12
"1102253781875433646","821017393894785094","und ich verwarne dich und streite net
`Verwarnung erstellt am 09.05.2023`",13
"1102253781875433646","821017393894785094","was
`Verwarnung erstellt am 09.05.2023`",14
"1102253781875433646","821017393894785094","was
`Verwarnung erstellt am 09.05.2023`",15
"1102253781875433646","821017393894785094","was
`Verwarnung erstellt am 09.05.2023`",16
"1102253781875433646","821017393894785094","was
`Verwarnung erstellt am 09.05.2023`",17
"1102253781875433646","821017393894785094","was
`Verwarnung erstellt am 09.05.2023`",18
"1102253781875433646","821017393894785094","was
`Verwarnung erstellt am 09.05.2023`",19
"1102253781875433646","821017393894785094","was
`Verwarnung erstellt am 09.05.2023`",20
"1102253781875433646","879628573084880917","nur test
`Verwarnung erstellt am 09.05.2023`",1
"1102253781875433646","821017393894785094","streit
`Verwarnung erstellt am 09.05.2023`",21
"1102253781875433646","821017393894785094","der dap den du gerade gemacht hast ist mir zu 2016
`Verwarnung erstellt am 09.05.2023`",22
"1060633841947131925","1104173751500812308","Hat die Caps Sperre von 70% überschritten. Die Nachricht beinhaltete 100% Caps.
`Verwarnung erstellt am 10.05.2023`",1
"1093910347812982804","961645918325731379","Hat die Caps Sperre von 10% überschritten. Die Nachricht beinhaltete 11% Caps.
`Verwarnung erstellt am 10.05.2023`",1
"937398557286228010","1083438608305881119","Kein Crash RP ; Diskutieren im Support
`Verwarnung erstellt am 10.05.2023`",1
"937398557286228010","956594394155323443","Mehrfache Beleidigung
`Verwarnung erstellt am 10.05.2023`",1
"937398557286228010","718858878049320990","Beleidigung ; Kein RP Name Unterschrift: Quentin
`Verwarnung erstellt am 10.05.2023`",1
"937398557286228010","718858878049320990","Beleidigung ; Kein RP Name Unterschrift: Quentin
`Verwarnung erstellt am 10.05.2023`",2
"1102253781875433646","821017393894785094","hi
`Verwarnung erstellt am 10.05.2023`",23
"937398557286228010","1083438608305881119","OOC Reden im RP Unterschrift: Quentin
`Verwarnung erstellt am 10.05.2023`",2
"925729625580113951","1046901038466211890","Hat ein verbotenes Wort gesendet: ||scheiß||
`Verwarnung erstellt am 11.05.2023`",1
"925729625580113951","1046901038466211890","Hat die Caps Sperre von 50% überschritten. Die Nachricht beinhaltete 100% Caps.
`Verwarnung erstellt am 11.05.2023`",2
"925729625580113951","880436867357622292","Hat die Caps Sperre von 50% überschritten. Die Nachricht beinhaltete 100% Caps.
`Verwarnung erstellt am 11.05.2023`",1
"925729625580113951","880436867357622292","Hat die Caps Sperre von 50% überschritten. Die Nachricht beinhaltete 83% Caps.
`Verwarnung erstellt am 11.05.2023`",2
"925729625580113951","1046901038466211890","Hat die Caps Sperre von 50% überschritten. Die Nachricht beinhaltete 100% Caps.
`Verwarnung erstellt am 11.05.2023`",3
"925729625580113951","880436867357622292","Hat die Caps Sperre von 50% überschritten. Die Nachricht beinhaltete 100% Caps.
`Verwarnung erstellt am 11.05.2023`",3
"925729625580113951","941998396934340619","Hat die Caps Sperre von 50% überschritten. Die Nachricht beinhaltete 100% Caps.
`Verwarnung erstellt am 11.05.2023`",1
"925729625580113951","941998396934340619","Hat die Caps Sperre von 50% überschritten. Die Nachricht beinhaltete 90% Caps.
`Verwarnung erstellt am 11.05.2023`",2
"925729625580113951","941998396934340619","Hat die Caps Sperre von 50% überschritten. Die Nachricht beinhaltete 100% Caps.
`Verwarnung erstellt am 11.05.2023`",3
"1091864126302724109","1001830741132464259","Meta
`Verwarnung erstellt am 11.05.2023`",2
"937398557286228010","1027285879485636708","FRP I.a Fynn
`Verwarnung erstellt am 11.05.2023`",1
"1060633841947131925","1104173751500812308","Hat die Caps Sperre von 70% überschritten. Die Nachricht beinhaltete 88% Caps.
`Verwarnung erstellt am 12.05.2023`",2
"1104358848724221993","1001678596873670698","beleidigen+ nicht auf den Inhaber hören
`Verwarnung erstellt am 12.05.2023`",1
"1104358848724221993","1001678596873670698","beleidigen
`Verwarnung erstellt am 12.05.2023`",2
"1097479709140455495","786511388053864448","Hat ein verbotenes Wort gesendet: ||hs||
`Verwarnung erstellt am 12.05.2023`",4
"1079807502113316896","925799559576322078","Unangemessene Nachricht
`Verwarnung erstellt am 12.05.2023`",1
"925729625580113951","780393150237376553","Hat die Caps Sperre von 50% überschritten. Die Nachricht beinhaltete 73% Caps.
`Verwarnung erstellt am 12.05.2023`",4
"1091864126302724109","1001830741132464259","RDM
`Verwarnung erstellt am 12.05.2023`",3
"1091864126302724109","1001830741132464259","Instantrespwn
`Verwarnung erstellt am 12.05.2023`",4
"925729625580113951","941750986551205930","Hat die Caps Sperre von 50% überschritten. Die Nachricht beinhaltete 100% Caps.
`Verwarnung erstellt am 13.05.2023`",8
"811552284936372235","961645918325731379","Hat die Caps Sperre von 40% überschritten. Die Nachricht beinhaltete 50% Caps.
`Verwarnung erstellt am 13.05.2023`",1
"1091864126302724109","796316261033705472","wegen nazi
`Verwarnung erstellt am 13.05.2023`",1
"1092384314450255964","865292517939478538","1. Abmahnung
`Verwarnung erstellt am 13.05.2023`",1
"1091864126302724109","974032346753953832","RDM
`Verwarnung erstellt am 13.05.2023`",1
"1023650258032525322","979720696307515392","Unerlaubte Werbung in <#1103034985629351978>
`Verwarnung erstellt am 13.05.2023`",1
"1104185751958212660","1104327264453275658","Hässlichkeit
`Verwarnung erstellt am 13.05.2023`",1
"1104185751958212660","1104327264453275658","haha
`Verwarnung erstellt am 13.05.2023`",2
"1091864126302724109","932018378711904257","Gop beting
`Verwarnung erstellt am 13.05.2023`",1
"1091864126302724109","1078766284990324866","RDM
`Verwarnung erstellt am 13.05.2023`",1
"1093910347812982804","961645918325731379","Hat die Caps Sperre von 10% überschritten. Die Nachricht beinhaltete 20% Caps.
`Verwarnung erstellt am 13.05.2023`",2
"1093910347812982804","961645918325731379","Hat die Caps Sperre von 10% überschritten. Die Nachricht beinhaltete 10% Caps.
`Verwarnung erstellt am 13.05.2023`",3
"1093910347812982804","961645918325731379","Hat die Caps Sperre von 10% überschritten. Die Nachricht beinhaltete 10% Caps.
`Verwarnung erstellt am 13.05.2023`",4
"925729625580113951","892771324735406150","Hat die Caps Sperre von 50% überschritten. Die Nachricht beinhaltete 50% Caps.
`Verwarnung erstellt am 13.05.2023`",1
"1091864126302724109","885893772632784897","Rechte abuse (:heal beweis wurde gezeigt)!
`Verwarnung erstellt am 14.05.2023`",1
"1084192787198640139","766936089071845426","juwe ausraub zu wenig cops
`Verwarnung erstellt am 14.05.2023`",1
"1091864126302724109","865292517939478538","Chatet in falschen Chat
`Verwarnung erstellt am 14.05.2023`",2
"1091864126302724109","860970324266188800","Chatet in falschen Chat
`Verwarnung erstellt am 14.05.2023`",1
"1091864126302724109","860970324266188800","Löscht beweismittel
`Verwarnung erstellt am 14.05.2023`",2
"1091864126302724109","860970324266188800","Lügt bei einer Tatsache
`Verwarnung erstellt am 14.05.2023`",3
"1097479709140455495","786511388053864448","Hat ein verbotenes Wort gesendet: ||hs||
`Verwarnung erstellt am 14.05.2023`",5
"1060633841947131925","950002126870937610","Hat die Caps Sperre von 70% überschritten. Die Nachricht beinhaltete 83% Caps.
`Verwarnung erstellt am 14.05.2023`",1
"1091864126302724109","1078766284990324866","Cop Baiting + FRP
`Verwarnung erstellt am 14.05.2023`",2
"1001915266055274689","1104173751500812308","Macht irgend was ohne erlaubnis als Manager
`Verwarnung erstellt am 14.05.2023`",1
"1097479709140455495","1107637812158799882","Hat ein verbotenes Wort gesendet: ||hs||
`Verwarnung erstellt am 15.05.2023`",1
"937398557286228010","833440209264967700","kein crash RP I,A, Tom
`Verwarnung erstellt am 15.05.2023`",2
"1047111184064716861","1073669164939624498","Ticket Abuse 💋
`Verwarnung erstellt am 15.05.2023`",1
"1047111184064716861","1073669164939624498","Ticket Abuse 💋
`Verwarnung erstellt am 15.05.2023`",2
"1093910347812982804","997564788299288796","Hat die Caps Sperre von 10% überschritten. Die Nachricht beinhaltete 32% Caps.
`Verwarnung erstellt am 15.05.2023`",1
"1093910347812982804","997564788299288796","Hat die Caps Sperre von 10% überschritten. Die Nachricht beinhaltete 16% Caps.
`Verwarnung erstellt am 15.05.2023`",2
"1091864126302724109","911927716515831842","Am bodenreden
`Verwarnung erstellt am 16.05.2023`",1
"1091864126302724109","911927716515831842","newlife regel
`Verwarnung erstellt am 16.05.2023`",2
"1091864126302724109","1083438608305881119","Am boden reden
`Verwarnung erstellt am 16.05.2023`",1
"1091864126302724109","1083438608305881119","newlife regel
`Verwarnung erstellt am 16.05.2023`",2
"1091864126302724109","1083438608305881119","Vulgäres Chatverhalten & Androhung von missachten des regelwerkes
`Verwarnung erstellt am 16.05.2023`",3
"1091864126302724109","1001830741132464259","schickt ein unangebrachtest video in ein ticket
`Verwarnung erstellt am 17.05.2023`",5
"1091864126302724109","1083438608305881119","benimmt sich unter aller sau wegen der ablehnung der firma/fraktion
`Verwarnung erstellt am 17.05.2023`",4
"1091864126302724109","1083438608305881119","schreibt mir per dm wegen war und beleidigt michschreibt mir per dm wegen war und beleidigt mich
`Verwarnung erstellt am 17.05.2023`",5
"1091864126302724109","1001830741132464259","unangebrachtes meme gegenüber der leitungs ebene
`Verwarnung erstellt am 17.05.2023`",6
"1093910347812982804","997564788299288796","Hat die Caps Sperre von 10% überschritten. Die Nachricht beinhaltete 21% Caps.
`Verwarnung erstellt am 17.05.2023`",3
"1093910347812982804","997564788299288796","Hat die Caps Sperre von 10% überschritten. Die Nachricht beinhaltete 21% Caps.
`Verwarnung erstellt am 17.05.2023`",4
"937398557286228010","812027510162325614","Hat die Caps Sperre von 40% überschritten. Die Nachricht beinhaltete 67% Caps.
`Verwarnung erstellt am 17.05.2023`",1
"1091864126302724109","1001830741132464259","Fast Respawn
`Verwarnung erstellt am 17.05.2023`",7
"1091864126302724109","810219451790262284","RDM
`Verwarnung erstellt am 17.05.2023`",1
"937398557286228010","911927716515831842","Hat die Caps Sperre von 40% überschritten. Die Nachricht beinhaltete 40% Caps.
`Verwarnung erstellt am 17.05.2023`",1
